PRAGMA foreign_keys=OFF;
BEGIN TRANSACTION;
CREATE TABLE "Color" (
    "code" INTEGER PRIMARY KEY NOT NULL,
    "name" VARCHAR(255) NOT NULL
);
INSERT INTO "Color" VALUES(1,'Blanc');
INSERT INTO "Color" VALUES(2,'Brun');
INSERT INTO "Color" VALUES(3,'Galvanisé');
INSERT INTO "Color" VALUES(4,'Noir');
INSERT INTO "Color" VALUES(5,'Verre');
CREATE TABLE "Stock" (
    "code" VARCHAR(255) PRIMARY KEY NOT NULL,
    "name" VARCHAR(255) NOT NULL,
    "height" DOUBLE NOT NULL,
    "depth" DOUBLE NOT NULL,
    "width" DOUBLE NOT NULL,
    "quantity" INTEGER NOT NULL,
    "min_quantity" INTEGER NOT NULL,
    "reserved_quantity" INTEGER DEFAULT(0),
    "price_client" DOUBLE NOT NULL,
    "code_color" INTEGER NOT NULL
);
INSERT INTO "Stock" VALUES('COR36BL','Cornières',36.0,0.0,0.0,84,32,0,0.35,1);
INSERT INTO "Stock" VALUES('COR46BL','Cornières',46.0,0.0,0.0,89,32,0,0.45,1);
INSERT INTO "Stock" VALUES('COR56BL','Cornières',56.0,0.0,0.0,89,32,0,0.55,1);
INSERT INTO "Stock" VALUES('COR72BL','Cornières',72.0,0.0,0.0,82,32,0,0.66,1);
INSERT INTO "Stock" VALUES('COR92BL','Cornières',92.0,0.0,0.0,85,32,0,0.86,1);
INSERT INTO "Stock" VALUES('COR108BL','Cornières',108.0,0.0,0.0,84,32,0,0.97,1);
INSERT INTO "Stock" VALUES('COR112BL','Cornières',112.0,0.0,0.0,82,32,0,1.06,1);
INSERT INTO "Stock" VALUES('COR138BL','Cornières',138.0,0.0,0.0,83,32,0,1.27,1);
INSERT INTO "Stock" VALUES('COR144BL','Cornières',144.0,0.0,0.0,86,32,0,1.28,1);
INSERT INTO "Stock" VALUES('COR168BL','Cornières',168.0,0.0,0.0,89,32,0,1.57,1);
INSERT INTO "Stock" VALUES('COR180BL','Cornières',180.0,0.0,0.0,89,32,0,1.59,1);
INSERT INTO "Stock" VALUES('COR184BL','Cornières',184.0,0.0,0.0,89,32,0,1.68,1);
INSERT INTO "Stock" VALUES('COR216BL','Cornières',216.0,0.0,0.0,84,32,0,1.9,1);
INSERT INTO "Stock" VALUES('COR224BL','Cornières',224.0,0.0,0.0,84,32,0,2.08,1);
INSERT INTO "Stock" VALUES('COR230BL','Cornières',230.0,0.0,0.0,83,32,0,2.09,1);
INSERT INTO "Stock" VALUES('COR252BL','Cornières',252.0,0.0,0.0,80,32,0,2.21,1);
INSERT INTO "Stock" VALUES('COR276BL','Cornières',276.0,0.0,0.0,86,32,0,2.5,1);
INSERT INTO "Stock" VALUES('COR280BL','Cornières',280.0,0.0,0.0,84,32,0,2.59,1);
INSERT INTO "Stock" VALUES('COR36BR','Cornières',36.0,0.0,0.0,82,32,0,0.28,2);
INSERT INTO "Stock" VALUES('COR46BR','Cornières',46.0,0.0,0.0,87,32,0,0.36,2);
INSERT INTO "Stock" VALUES('COR56BR','Cornières',56.0,0.0,0.0,86,32,0,0.44,2);
INSERT INTO "Stock" VALUES('COR72BR','Cornières',72.0,0.0,0.0,85,32,0,0.528,2);
INSERT INTO "Stock" VALUES('COR92BR','Cornières',92.0,0.0,0.0,83,32,0,0.688,2);
INSERT INTO "Stock" VALUES('COR108BR','Cornières',108.0,0.0,0.0,87,32,0,0.776,2);
INSERT INTO "Stock" VALUES('COR112BR','Cornières',112.0,0.0,0.0,82,32,0,0.848,2);
INSERT INTO "Stock" VALUES('COR138BR','Cornières',138.0,0.0,0.0,87,32,0,1.016,2);
INSERT INTO "Stock" VALUES('COR144BR','Cornières',144.0,0.0,0.0,87,32,0,1.024,2);
INSERT INTO "Stock" VALUES('COR168BR','Cornières',168.0,0.0,0.0,83,32,0,1.256,2);
INSERT INTO "Stock" VALUES('COR180BR','Cornières',180.0,0.0,0.0,89,32,0,1.272,2);
INSERT INTO "Stock" VALUES('COR184BR','Cornières',184.0,0.0,0.0,84,32,0,1.344,2);
INSERT INTO "Stock" VALUES('COR216BR','Cornières',216.0,0.0,0.0,81,32,0,1.52,2);
INSERT INTO "Stock" VALUES('COR224BR','Cornières',224.0,0.0,0.0,83,32,0,1.664,2);
INSERT INTO "Stock" VALUES('COR230BR','Cornières',230.0,0.0,0.0,80,32,0,1.672,2);
INSERT INTO "Stock" VALUES('COR252BR','Cornières',252.0,0.0,0.0,89,32,0,1.768,2);
INSERT INTO "Stock" VALUES('COR276BR','Cornières',276.0,0.0,0.0,90,32,0,2.0,2);
INSERT INTO "Stock" VALUES('COR280BR','Cornières',280.0,0.0,0.0,86,32,0,2.072,2);
INSERT INTO "Stock" VALUES('COR36GL','Cornières',36.0,0.0,0.0,81,32,0,0.35,3);
INSERT INTO "Stock" VALUES('COR46GL','Cornières',46.0,0.0,0.0,82,32,0,0.45,3);
INSERT INTO "Stock" VALUES('COR56GL','Cornières',56.0,0.0,0.0,82,32,0,0.55,3);
INSERT INTO "Stock" VALUES('COR72GL','Cornières',72.0,0.0,0.0,83,32,0,0.66,3);
INSERT INTO "Stock" VALUES('COR92GL','Cornières',92.0,0.0,0.0,82,32,0,0.86,3);
INSERT INTO "Stock" VALUES('COR108GL','Cornières',108.0,0.0,0.0,87,32,0,0.97,3);
INSERT INTO "Stock" VALUES('COR112GL','Cornières',112.0,0.0,0.0,88,32,0,1.06,3);
INSERT INTO "Stock" VALUES('COR138GL','Cornières',138.0,0.0,0.0,89,32,0,1.27,3);
INSERT INTO "Stock" VALUES('COR144GL','Cornières',144.0,0.0,0.0,84,32,0,1.28,3);
INSERT INTO "Stock" VALUES('COR168GL','Cornières',168.0,0.0,0.0,88,32,0,1.57,3);
INSERT INTO "Stock" VALUES('COR180GL','Cornières',180.0,0.0,0.0,84,32,0,1.59,3);
INSERT INTO "Stock" VALUES('COR184GL','Cornières',184.0,0.0,0.0,86,32,0,1.68,3);
INSERT INTO "Stock" VALUES('COR216GL','Cornières',216.0,0.0,0.0,88,32,0,1.9,3);
INSERT INTO "Stock" VALUES('COR224GL','Cornières',224.0,0.0,0.0,87,32,0,2.08,3);
INSERT INTO "Stock" VALUES('COR230GL','Cornières',230.0,0.0,0.0,88,32,0,2.09,3);
INSERT INTO "Stock" VALUES('COR252GL','Cornières',252.0,0.0,0.0,89,32,0,2.21,3);
INSERT INTO "Stock" VALUES('COR276GL','Cornières',276.0,0.0,0.0,81,32,0,2.5,3);
INSERT INTO "Stock" VALUES('COR280GL','Cornières',280.0,0.0,0.0,86,32,0,2.59,3);
INSERT INTO "Stock" VALUES('COR36NR','Cornières',36.0,0.0,0.0,84,32,0,0.245,4);
INSERT INTO "Stock" VALUES('COR46NR','Cornières',46.0,0.0,0.0,90,32,0,0.315,4);
INSERT INTO "Stock" VALUES('COR56NR','Cornières',56.0,0.0,0.0,89,32,0,0.385,4);
INSERT INTO "Stock" VALUES('COR72NR','Cornières',72.0,0.0,0.0,81,32,0,0.462,4);
INSERT INTO "Stock" VALUES('COR92NR','Cornières',92.0,0.0,0.0,87,32,0,0.602,4);
INSERT INTO "Stock" VALUES('COR108NR','Cornières',108.0,0.0,0.0,86,32,0,0.679,4);
INSERT INTO "Stock" VALUES('COR112NR','Cornières',112.0,0.0,0.0,89,32,0,0.742,4);
INSERT INTO "Stock" VALUES('COR138NR','Cornières',138.0,0.0,0.0,83,32,0,0.889,4);
INSERT INTO "Stock" VALUES('COR144NR','Cornières',144.0,0.0,0.0,88,32,0,0.896,4);
INSERT INTO "Stock" VALUES('COR168NR','Cornières',168.0,0.0,0.0,80,32,0,1.099,4);
INSERT INTO "Stock" VALUES('COR180NR','Cornières',180.0,0.0,0.0,83,32,0,1.113,4);
INSERT INTO "Stock" VALUES('COR184NR','Cornières',184.0,0.0,0.0,88,32,0,1.176,4);
INSERT INTO "Stock" VALUES('COR216NR','Cornières',216.0,0.0,0.0,80,32,0,1.33,4);
INSERT INTO "Stock" VALUES('COR224NR','Cornières',224.0,0.0,0.0,84,32,0,1.456,4);
INSERT INTO "Stock" VALUES('COR230NR','Cornières',230.0,0.0,0.0,83,32,0,1.463,4);
INSERT INTO "Stock" VALUES('COR252NR','Cornières',252.0,0.0,0.0,80,32,0,1.547,4);
INSERT INTO "Stock" VALUES('COR276NR','Cornières',276.0,0.0,0.0,83,32,0,1.75,4);
INSERT INTO "Stock" VALUES('COR280NR','Cornières',280.0,0.0,0.0,86,32,0,1.813,4);
INSERT INTO "Stock" VALUES('COR50BLDEC','Cornières',50.0,0.0,0.0,84,32,0,1.1,1);
INSERT INTO "Stock" VALUES('COR50BRDEC','Cornières',50.0,0.0,0.0,86,32,0,0.88,2);
INSERT INTO "Stock" VALUES('COR50GLDEC','Cornières',50.0,0.0,0.0,82,32,0,1.1,3);
INSERT INTO "Stock" VALUES('COR50NRDEC','Cornières',50.0,0.0,0.0,82,32,0,0.77,4);
INSERT INTO "Stock" VALUES('COR75BLDEC','Cornières',75.0,0.0,0.0,89,32,0,1.32,1);
INSERT INTO "Stock" VALUES('COR75BRDEC','Cornières',75.0,0.0,0.0,83,32,0,1.06,2);
INSERT INTO "Stock" VALUES('COR75GLDEC','Cornières',75.0,0.0,0.0,84,32,0,1.32,3);
INSERT INTO "Stock" VALUES('COR75NRDEC','Cornières',75.0,0.0,0.0,81,32,0,0.92,4);
INSERT INTO "Stock" VALUES('COR100BLDEC','Cornières',100.0,0.0,0.0,85,32,0,1.72,1);
INSERT INTO "Stock" VALUES('COR100BRDEC','Cornières',100.0,0.0,0.0,84,32,0,1.38,2);
INSERT INTO "Stock" VALUES('COR100GLDEC','Cornières',100.0,0.0,0.0,84,32,0,1.72,3);
INSERT INTO "Stock" VALUES('COR100NRDEC','Cornières',100.0,0.0,0.0,87,32,0,1.2,4);
INSERT INTO "Stock" VALUES('COR125BLDEC','Cornières',125.0,0.0,0.0,83,32,0,1.94,1);
INSERT INTO "Stock" VALUES('COR125BRDEC','Cornières',125.0,0.0,0.0,84,32,0,1.55,2);
INSERT INTO "Stock" VALUES('COR125GLDEC','Cornières',125.0,0.0,0.0,83,32,0,1.94,3);
INSERT INTO "Stock" VALUES('COR125NRDEC','Cornières',125.0,0.0,0.0,86,32,0,1.36,4);
INSERT INTO "Stock" VALUES('COR150BLDEC','Cornières',150.0,0.0,0.0,89,32,0,2.54,1);
INSERT INTO "Stock" VALUES('COR150BRDEC','Cornières',150.0,0.0,0.0,87,32,0,2.03,2);
INSERT INTO "Stock" VALUES('COR150GLDEC','Cornières',150.0,0.0,0.0,87,32,0,2.54,3);
INSERT INTO "Stock" VALUES('COR150NRDEC','Cornières',150.0,0.0,0.0,87,32,0,1.78,4);
INSERT INTO "Stock" VALUES('COR175BLDEC','Cornières',175.0,0.0,0.0,81,32,0,3.14,1);
INSERT INTO "Stock" VALUES('COR175BRDEC','Cornières',175.0,0.0,0.0,83,32,0,2.51,2);
INSERT INTO "Stock" VALUES('COR175GLDEC','Cornières',175.0,0.0,0.0,86,32,0,3.14,3);
INSERT INTO "Stock" VALUES('COR175NRDEC','Cornières',175.0,0.0,0.0,85,32,0,2.2,4);
INSERT INTO "Stock" VALUES('COR200BLDEC','Cornières',200.0,0.0,0.0,85,32,0,3.36,1);
INSERT INTO "Stock" VALUES('COR200BRDEC','Cornières',200.0,0.0,0.0,86,32,0,2.69,2);
INSERT INTO "Stock" VALUES('COR200GLDEC','Cornières',200.0,0.0,0.0,84,32,0,3.36,3);
INSERT INTO "Stock" VALUES('COR200NRDEC','Cornières',200.0,0.0,0.0,90,32,0,2.35,4);
INSERT INTO "Stock" VALUES('COR225BLDEC','Cornières',225.0,0.0,0.0,88,32,0,3.8,1);
INSERT INTO "Stock" VALUES('COR225BRDEC','Cornières',225.0,0.0,0.0,86,32,0,3.04,2);
INSERT INTO "Stock" VALUES('COR225GLDEC','Cornières',225.0,0.0,0.0,86,32,0,3.8,3);
INSERT INTO "Stock" VALUES('COR225NRDEC','Cornières',225.0,0.0,0.0,88,32,0,2.66,4);
INSERT INTO "Stock" VALUES('COR250BLDEC','Cornières',250.0,0.0,0.0,87,32,0,4.42,1);
INSERT INTO "Stock" VALUES('COR250BRDEC','Cornières',250.0,0.0,0.0,81,32,0,3.54,2);
INSERT INTO "Stock" VALUES('COR250GLDEC','Cornières',250.0,0.0,0.0,82,32,0,4.42,3);
INSERT INTO "Stock" VALUES('COR250NRDEC','Cornières',250.0,0.0,0.0,86,32,0,3.09,4);
INSERT INTO "Stock" VALUES('COR275BLDEC','Cornières',275.0,0.0,0.0,82,32,0,5.0,1);
INSERT INTO "Stock" VALUES('COR275BRDEC','Cornières',275.0,0.0,0.0,82,32,0,4.0,2);
INSERT INTO "Stock" VALUES('COR275GLDEC','Cornières',275.0,0.0,0.0,87,32,0,5.0,3);
INSERT INTO "Stock" VALUES('COR275NRDEC','Cornières',275.0,0.0,0.0,81,32,0,3.5,4);
INSERT INTO "Stock" VALUES('COR300BLDEC','Cornières',300.0,0.0,0.0,90,32,0,5.18,1);
INSERT INTO "Stock" VALUES('COR300BRDEC','Cornières',300.0,0.0,0.0,88,32,0,4.14,2);
INSERT INTO "Stock" VALUES('COR300GLDEC','Cornières',300.0,0.0,0.0,83,32,0,5.18,3);
INSERT INTO "Stock" VALUES('COR300NRDEC','Cornières',300.0,0.0,0.0,84,32,0,3.63,4);
INSERT INTO "Stock" VALUES('COR325BLDEC','Cornières',325.0,0.0,0.0,86,32,0,5.18,1);
INSERT INTO "Stock" VALUES('COR325BRDEC','Cornières',325.0,0.0,0.0,88,32,0,4.14,2);
INSERT INTO "Stock" VALUES('COR325GLDEC','Cornières',325.0,0.0,0.0,90,32,0,5.18,3);
INSERT INTO "Stock" VALUES('COR325NRDEC','Cornières',325.0,0.0,0.0,87,32,0,3.63,4);
INSERT INTO "Stock" VALUES('COR350BLDEC','Cornières',350.0,0.0,0.0,84,32,0,5.18,1);
INSERT INTO "Stock" VALUES('COR350BRDEC','Cornières',350.0,0.0,0.0,84,32,0,4.14,2);
INSERT INTO "Stock" VALUES('COR350GLDEC','Cornières',350.0,0.0,0.0,83,32,0,5.18,3);
INSERT INTO "Stock" VALUES('COR350NRDEC','Cornières',350.0,0.0,0.0,85,32,0,3.63,4);
INSERT INTO "Stock" VALUES('COR375BLDEC','Cornières',375.0,0.0,0.0,82,32,0,5.18,1);
INSERT INTO "Stock" VALUES('COR375BRDEC','Cornières',375.0,0.0,0.0,81,32,0,4.14,2);
INSERT INTO "Stock" VALUES('COR375GLDEC','Cornières',375.0,0.0,0.0,86,32,0,5.18,3);
INSERT INTO "Stock" VALUES('COR375NRDEC','Cornières',375.0,0.0,0.0,89,32,0,3.63,4);
INSERT INTO "Stock" VALUES('PAR32100BL','Panneau Ar',32.0,0.0,100.0,21,8,0,16.0,1);
INSERT INTO "Stock" VALUES('PAR32120BL','Panneau Ar',32.0,0.0,120.0,30,8,0,19.2,1);
INSERT INTO "Stock" VALUES('PAR3232BL','Panneau Ar',32.0,0.0,32.0,23,8,0,5.12,1);
INSERT INTO "Stock" VALUES('PAR3242BL','Panneau Ar',32.0,0.0,42.0,29,8,0,6.72,1);
INSERT INTO "Stock" VALUES('PAR3252BL','Panneau Ar',32.0,0.0,52.0,21,8,0,8.32,1);
INSERT INTO "Stock" VALUES('PAR3262BL','Panneau Ar',32.0,0.0,62.0,26,8,0,9.92,1);
INSERT INTO "Stock" VALUES('PAR3280BL','Panneau Ar',32.0,0.0,80.0,25,8,0,12.8,1);
INSERT INTO "Stock" VALUES('PAR42100BL','Panneau Ar',42.0,0.0,100.0,27,8,0,26.0,1);
INSERT INTO "Stock" VALUES('PAR42120BL','Panneau Ar',42.0,0.0,120.0,30,8,0,31.2,1);
INSERT INTO "Stock" VALUES('PAR4232BL','Panneau Ar',42.0,0.0,32.0,23,8,0,8.32,1);
INSERT INTO "Stock" VALUES('PAR4242BL','Panneau Ar',42.0,0.0,42.0,29,8,0,10.92,1);
INSERT INTO "Stock" VALUES('PAR4252BL','Panneau Ar',42.0,0.0,52.0,24,8,0,13.52,1);
INSERT INTO "Stock" VALUES('PAR4262BL','Panneau Ar',42.0,0.0,62.0,30,8,0,16.12,1);
INSERT INTO "Stock" VALUES('PAR4280BL','Panneau Ar',42.0,0.0,80.0,24,8,0,20.8,1);
INSERT INTO "Stock" VALUES('PAR52100BL','Panneau Ar',52.0,0.0,100.0,27,8,0,26.0,1);
INSERT INTO "Stock" VALUES('PAR52120BL','Panneau Ar',52.0,0.0,120.0,30,8,0,31.2,1);
INSERT INTO "Stock" VALUES('PAR5232BL','Panneau Ar',52.0,0.0,32.0,28,8,0,8.32,1);
INSERT INTO "Stock" VALUES('PAR5242BL','Panneau Ar',52.0,0.0,42.0,20,8,0,10.92,1);
INSERT INTO "Stock" VALUES('PAR5252BL','Panneau Ar',52.0,0.0,52.0,22,8,0,13.52,1);
INSERT INTO "Stock" VALUES('PAR5262BL','Panneau Ar',52.0,0.0,62.0,28,8,0,16.12,1);
INSERT INTO "Stock" VALUES('PAR5280BL','Panneau Ar',52.0,0.0,80.0,28,8,0,20.8,1);
INSERT INTO "Stock" VALUES('PAR32100BR','Panneau Ar',32.0,0.0,100.0,23,8,0,12.8,2);
INSERT INTO "Stock" VALUES('PAR32120BR','Panneau Ar',32.0,0.0,120.0,29,8,0,15.36,2);
INSERT INTO "Stock" VALUES('PAR3232BR','Panneau Ar',32.0,0.0,32.0,26,8,0,4.096,2);
INSERT INTO "Stock" VALUES('PAR3242BR','Panneau Ar',32.0,0.0,42.0,21,8,0,5.376,2);
INSERT INTO "Stock" VALUES('PAR3252BR','Panneau Ar',32.0,0.0,52.0,24,8,0,6.656,2);
INSERT INTO "Stock" VALUES('PAR3262BR','Panneau Ar',32.0,0.0,62.0,27,8,0,7.936,2);
INSERT INTO "Stock" VALUES('PAR3280BR','Panneau Ar',32.0,0.0,80.0,29,8,0,10.24,2);
INSERT INTO "Stock" VALUES('PAR42100BR','Panneau Ar',42.0,0.0,100.0,24,8,0,16.8,2);
INSERT INTO "Stock" VALUES('PAR42120BR','Panneau Ar',42.0,0.0,120.0,21,8,0,20.16,2);
INSERT INTO "Stock" VALUES('PAR4232BR','Panneau Ar',42.0,0.0,32.0,25,8,0,5.376,2);
INSERT INTO "Stock" VALUES('PAR4242BR','Panneau Ar',42.0,0.0,42.0,25,8,0,7.056,2);
INSERT INTO "Stock" VALUES('PAR4252BR','Panneau Ar',42.0,0.0,52.0,26,8,0,8.736,2);
INSERT INTO "Stock" VALUES('PAR4262BR','Panneau Ar',42.0,0.0,62.0,27,8,0,10.416,2);
INSERT INTO "Stock" VALUES('PAR4280BR','Panneau Ar',42.0,0.0,80.0,26,8,0,13.44,2);
INSERT INTO "Stock" VALUES('PAR52100BR','Panneau Ar',52.0,0.0,100.0,23,8,0,20.8,2);
INSERT INTO "Stock" VALUES('PAR52120BR','Panneau Ar',52.0,0.0,120.0,24,8,0,24.96,2);
INSERT INTO "Stock" VALUES('PAR5232BR','Panneau Ar',52.0,0.0,32.0,22,8,0,6.656,2);
INSERT INTO "Stock" VALUES('PAR5242BR','Panneau Ar',52.0,0.0,42.0,20,8,0,8.736,2);
INSERT INTO "Stock" VALUES('PAR5252BR','Panneau Ar',52.0,0.0,52.0,24,8,0,10.816,2);
INSERT INTO "Stock" VALUES('PAR5262BR','Panneau Ar',52.0,0.0,62.0,28,8,0,12.896,2);
INSERT INTO "Stock" VALUES('PAR5280BR','Panneau Ar',52.0,0.0,80.0,28,8,0,16.64,2);
INSERT INTO "Stock" VALUES('PAG3232BL','Panneau GD',32.0,32.0,0.0,45,16,0,5.12,1);
INSERT INTO "Stock" VALUES('PAG3242BL','Panneau GD',32.0,42.0,0.0,50,16,0,6.72,1);
INSERT INTO "Stock" VALUES('PAG3252BL','Panneau GD',32.0,52.0,0.0,41,16,0,8.32,1);
INSERT INTO "Stock" VALUES('PAG3262BL','Panneau GD',32.0,62.0,0.0,49,16,0,9.92,1);
INSERT INTO "Stock" VALUES('PAG4232BL','Panneau GD',42.0,32.0,0.0,49,16,0,6.72,1);
INSERT INTO "Stock" VALUES('PAG4242BL','Panneau GD',42.0,42.0,0.0,43,16,0,8.82,1);
INSERT INTO "Stock" VALUES('PAG4252BL','Panneau GD',42.0,52.0,0.0,45,16,0,10.92,1);
INSERT INTO "Stock" VALUES('PAG4262BL','Panneau GD',42.0,62.0,0.0,43,16,0,13.02,1);
INSERT INTO "Stock" VALUES('PAG5232BL','Panneau GD',52.0,32.0,0.0,50,16,0,8.32,1);
INSERT INTO "Stock" VALUES('PAG5242BL','Panneau GD',52.0,42.0,0.0,47,16,0,10.92,1);
INSERT INTO "Stock" VALUES('PAG5252BL','Panneau GD',52.0,52.0,0.0,47,16,0,13.52,1);
INSERT INTO "Stock" VALUES('PAG5262BL','Panneau GD',52.0,62.0,0.0,48,16,0,16.12,1);
INSERT INTO "Stock" VALUES('PAG3232BR','Panneau GD',32.0,32.0,0.0,44,16,0,4.096,2);
INSERT INTO "Stock" VALUES('PAG3242BR','Panneau GD',32.0,42.0,0.0,48,16,0,5.376,2);
INSERT INTO "Stock" VALUES('PAG3252BR','Panneau GD',32.0,52.0,0.0,42,16,0,6.656,2);
INSERT INTO "Stock" VALUES('PAG3262BR','Panneau GD',32.0,62.0,0.0,41,16,0,7.936,2);
INSERT INTO "Stock" VALUES('PAG4232BR','Panneau GD',42.0,32.0,0.0,41,16,0,5.376,2);
INSERT INTO "Stock" VALUES('PAG4242BR','Panneau GD',42.0,42.0,0.0,43,16,0,7.056,2);
INSERT INTO "Stock" VALUES('PAG4252BR','Panneau GD',42.0,52.0,0.0,47,16,0,8.736,2);
INSERT INTO "Stock" VALUES('PAG4262BR','Panneau GD',42.0,62.0,0.0,45,16,0,10.416,2);
INSERT INTO "Stock" VALUES('PAG5232BR','Panneau GD',52.0,32.0,0.0,47,16,0,6.656,2);
INSERT INTO "Stock" VALUES('PAG5242BR','Panneau GD',52.0,42.0,0.0,49,16,0,8.736,2);
INSERT INTO "Stock" VALUES('PAG5252BR','Panneau GD',52.0,52.0,0.0,47,16,0,10.816,2);
INSERT INTO "Stock" VALUES('PAG5262BR','Panneau GD',52.0,62.0,0.0,44,16,0,12.896,2);
INSERT INTO "Stock" VALUES('PAH32100BL','Panneau HB',0.0,32.0,100.0,49,16,0,16.0,1);
INSERT INTO "Stock" VALUES('PAH32120BL','Panneau HB',0.0,32.0,120.0,47,16,0,19.2,1);
INSERT INTO "Stock" VALUES('PAH3232BL','Panneau HB',0.0,32.0,32.0,50,16,0,5.12,1);
INSERT INTO "Stock" VALUES('PAH3242BL','Panneau HB',0.0,32.0,42.0,42,16,0,6.72,1);
INSERT INTO "Stock" VALUES('PAH3252BL','Panneau HB',0.0,32.0,52.0,41,16,0,8.32,1);
INSERT INTO "Stock" VALUES('PAH3262BL','Panneau HB',0.0,32.0,62.0,44,16,0,9.92,1);
INSERT INTO "Stock" VALUES('PAH3280BL','Panneau HB',0.0,32.0,80.0,48,16,0,12.8,1);
INSERT INTO "Stock" VALUES('PAH42100BL','Panneau HB',0.0,42.0,100.0,46,16,0,21.0,1);
INSERT INTO "Stock" VALUES('PAH42120BL','Panneau HB',0.0,42.0,120.0,41,16,0,25.2,1);
INSERT INTO "Stock" VALUES('PAH4232BL','Panneau HB',0.0,42.0,32.0,43,16,0,6.72,1);
INSERT INTO "Stock" VALUES('PAH4242BL','Panneau HB',0.0,42.0,42.0,40,16,0,8.82,1);
INSERT INTO "Stock" VALUES('PAH4252BL','Panneau HB',0.0,42.0,52.0,46,16,0,10.92,1);
INSERT INTO "Stock" VALUES('PAH4262BL','Panneau HB',0.0,42.0,62.0,45,16,0,13.02,1);
INSERT INTO "Stock" VALUES('PAH4280BL','Panneau HB',0.0,42.0,80.0,50,16,0,16.8,1);
INSERT INTO "Stock" VALUES('PAH52100BL','Panneau HB',0.0,52.0,100.0,49,16,0,26.0,1);
INSERT INTO "Stock" VALUES('PAH52120BL','Panneau HB',0.0,52.0,120.0,49,16,0,31.2,1);
INSERT INTO "Stock" VALUES('PAH5232BL','Panneau HB',0.0,52.0,32.0,45,16,0,8.32,1);
INSERT INTO "Stock" VALUES('PAH5242BL','Panneau HB',0.0,52.0,42.0,44,16,0,10.92,1);
INSERT INTO "Stock" VALUES('PAH5252BL','Panneau HB',0.0,52.0,52.0,42,16,0,13.52,1);
INSERT INTO "Stock" VALUES('PAH5262BL','Panneau HB',0.0,52.0,62.0,46,16,0,16.12,1);
INSERT INTO "Stock" VALUES('PAH5280BL','Panneau HB',0.0,52.0,80.0,41,16,0,20.8,1);
INSERT INTO "Stock" VALUES('PAH62100BL','Panneau HB',0.0,62.0,100.0,44,16,0,31.0,1);
INSERT INTO "Stock" VALUES('PAH62120BL','Panneau HB',0.0,62.0,120.0,43,16,0,37.2,1);
INSERT INTO "Stock" VALUES('PAH6232BL','Panneau HB',0.0,62.0,32.0,44,16,0,9.92,1);
INSERT INTO "Stock" VALUES('PAH6242BL','Panneau HB',0.0,62.0,42.0,44,16,0,13.02,1);
INSERT INTO "Stock" VALUES('PAH6252BL','Panneau HB',0.0,62.0,52.0,44,16,0,16.12,1);
INSERT INTO "Stock" VALUES('PAH6262BL','Panneau HB',0.0,62.0,62.0,46,16,0,19.22,1);
INSERT INTO "Stock" VALUES('PAH6280BL','Panneau HB',0.0,62.0,80.0,48,16,0,24.8,1);
INSERT INTO "Stock" VALUES('PAH32100BR','Panneau HB',0.0,32.0,100.0,42,16,0,12.8,2);
INSERT INTO "Stock" VALUES('PAH32120BR','Panneau HB',0.0,32.0,120.0,50,16,0,15.36,2);
INSERT INTO "Stock" VALUES('PAH3232BR','Panneau HB',0.0,32.0,32.0,41,16,0,4.096,2);
INSERT INTO "Stock" VALUES('PAH3242BR','Panneau HB',0.0,32.0,42.0,46,16,0,5.376,2);
INSERT INTO "Stock" VALUES('PAH3252BR','Panneau HB',0.0,32.0,52.0,48,16,0,6.656,2);
INSERT INTO "Stock" VALUES('PAH3262BR','Panneau HB',0.0,32.0,62.0,44,16,0,7.936,2);
INSERT INTO "Stock" VALUES('PAH3280BR','Panneau HB',0.0,32.0,80.0,48,16,0,10.24,2);
INSERT INTO "Stock" VALUES('PAH42100BR','Panneau HB',0.0,42.0,100.0,43,16,0,16.8,2);
INSERT INTO "Stock" VALUES('PAH42120BR','Panneau HB',0.0,42.0,120.0,45,16,0,20.16,2);
INSERT INTO "Stock" VALUES('PAH4232BR','Panneau HB',0.0,42.0,32.0,43,16,0,5.376,2);
INSERT INTO "Stock" VALUES('PAH4242BR','Panneau HB',0.0,42.0,42.0,44,16,0,7.056,2);
INSERT INTO "Stock" VALUES('PAH4252BR','Panneau HB',0.0,42.0,52.0,46,16,0,8.736,2);
INSERT INTO "Stock" VALUES('PAH4262BR','Panneau HB',0.0,42.0,62.0,48,16,0,10.416,2);
INSERT INTO "Stock" VALUES('PAH4280BR','Panneau HB',0.0,42.0,80.0,45,16,0,13.44,2);
INSERT INTO "Stock" VALUES('PAH52100BR','Panneau HB',0.0,52.0,100.0,42,16,0,20.8,2);
INSERT INTO "Stock" VALUES('PAH52120BR','Panneau HB',0.0,52.0,120.0,49,16,0,24.96,2);
INSERT INTO "Stock" VALUES('PAH5232BR','Panneau HB',0.0,52.0,32.0,42,16,0,6.656,2);
INSERT INTO "Stock" VALUES('PAH5242BR','Panneau HB',0.0,52.0,42.0,45,16,0,8.736,2);
INSERT INTO "Stock" VALUES('PAH5252BR','Panneau HB',0.0,52.0,52.0,43,16,0,10.816,2);
INSERT INTO "Stock" VALUES('PAH5262BR','Panneau HB',0.0,52.0,62.0,42,16,0,12.896,2);
INSERT INTO "Stock" VALUES('PAH5280BR','Panneau HB',0.0,52.0,80.0,48,16,0,16.64,2);
INSERT INTO "Stock" VALUES('PAH62100BR','Panneau HB',0.0,62.0,100.0,50,16,0,24.8,2);
INSERT INTO "Stock" VALUES('PAH62120BR','Panneau HB',0.0,62.0,120.0,45,16,0,29.76,2);
INSERT INTO "Stock" VALUES('PAH6232BR','Panneau HB',0.0,62.0,32.0,48,16,0,7.936,2);
INSERT INTO "Stock" VALUES('PAH6242BR','Panneau HB',0.0,62.0,42.0,40,16,0,10.416,2);
INSERT INTO "Stock" VALUES('PAH6252BR','Panneau HB',0.0,62.0,52.0,45,16,0,12.896,2);
INSERT INTO "Stock" VALUES('PAH6262BR','Panneau HB',0.0,62.0,62.0,45,16,0,15.376,2);
INSERT INTO "Stock" VALUES('PAH6280BR','Panneau HB',0.0,62.0,80.0,50,16,0,19.84,2);
INSERT INTO "Stock" VALUES('POR3232BL','Porte',32.0,0.0,32.0,41,16,0,5.12,1);
INSERT INTO "Stock" VALUES('POR3242BL','Porte',32.0,0.0,42.0,42,16,0,6.72,1);
INSERT INTO "Stock" VALUES('POR3252BL','Porte',32.0,0.0,52.0,46,16,0,8.32,1);
INSERT INTO "Stock" VALUES('POR3262BL','Porte',32.0,0.0,62.0,42,16,0,9.92,1);
INSERT INTO "Stock" VALUES('POR4232BL','Porte',42.0,0.0,32.0,47,16,0,6.72,1);
INSERT INTO "Stock" VALUES('POR4242BL','Porte',42.0,0.0,42.0,44,16,0,8.82,1);
INSERT INTO "Stock" VALUES('POR4252BL','Porte',42.0,0.0,52.0,43,16,0,10.92,1);
INSERT INTO "Stock" VALUES('POR4262BL','Porte',42.0,0.0,62.0,49,16,0,13.02,1);
INSERT INTO "Stock" VALUES('POR5232BL','Porte',52.0,0.0,32.0,47,16,0,8.32,1);
INSERT INTO "Stock" VALUES('POR5242BL','Porte',52.0,0.0,42.0,41,16,0,10.92,1);
INSERT INTO "Stock" VALUES('POR5252BL','Porte',52.0,0.0,52.0,49,16,0,13.52,1);
INSERT INTO "Stock" VALUES('POR5262BL','Porte',52.0,0.0,62.0,40,16,0,16.12,1);
INSERT INTO "Stock" VALUES('POR3232BR','Porte',32.0,0.0,32.0,46,16,0,5.12,2);
INSERT INTO "Stock" VALUES('POR3242BR','Porte',32.0,0.0,42.0,42,16,0,6.72,2);
INSERT INTO "Stock" VALUES('POR3252BR','Porte',32.0,0.0,52.0,47,16,0,8.32,2);
INSERT INTO "Stock" VALUES('POR3262BR','Porte',32.0,0.0,62.0,40,16,0,9.92,2);
INSERT INTO "Stock" VALUES('POR4232BR','Porte',42.0,0.0,32.0,46,16,0,6.72,2);
INSERT INTO "Stock" VALUES('POR4242BR','Porte',42.0,0.0,42.0,43,16,0,8.82,2);
INSERT INTO "Stock" VALUES('POR4252BR','Porte',42.0,0.0,52.0,46,16,0,10.92,2);
INSERT INTO "Stock" VALUES('POR4262BR','Porte',42.0,0.0,62.0,49,16,0,13.02,2);
INSERT INTO "Stock" VALUES('POR5232BR','Porte',52.0,0.0,32.0,43,16,0,8.32,2);
INSERT INTO "Stock" VALUES('POR5242BR','Porte',52.0,0.0,42.0,45,16,0,10.92,2);
INSERT INTO "Stock" VALUES('POR5252BR','Porte',52.0,0.0,52.0,42,16,0,13.52,2);
INSERT INTO "Stock" VALUES('POR5262BR','Porte',52.0,0.0,62.0,46,16,0,32.24,2);
INSERT INTO "Stock" VALUES('POR3232VE','Porte',32.0,0.0,32.0,46,16,0,10.24,5);
INSERT INTO "Stock" VALUES('POR3242VE','Porte',32.0,0.0,42.0,50,16,0,13.44,5);
INSERT INTO "Stock" VALUES('POR3252VE','Porte',32.0,0.0,52.0,42,16,0,16.64,5);
INSERT INTO "Stock" VALUES('POR3262VE','Porte',32.0,0.0,62.0,40,16,0,19.84,5);
INSERT INTO "Stock" VALUES('POR4232VE','Porte',42.0,0.0,32.0,43,16,0,13.44,5);
INSERT INTO "Stock" VALUES('POR4242VE','Porte',42.0,0.0,42.0,45,16,0,17.64,5);
INSERT INTO "Stock" VALUES('POR4252VE','Porte',42.0,0.0,52.0,45,16,0,21.84,5);
INSERT INTO "Stock" VALUES('POR4262VE','Porte',42.0,0.0,62.0,48,16,0,26.04,5);
INSERT INTO "Stock" VALUES('POR5232VE','Porte',52.0,0.0,32.0,46,16,0,16.64,5);
INSERT INTO "Stock" VALUES('POR5242VE','Porte',52.0,0.0,42.0,44,16,0,21.84,5);
INSERT INTO "Stock" VALUES('POR5252VE','Porte',52.0,0.0,52.0,47,16,0,27.04,5);
INSERT INTO "Stock" VALUES('POR5262VE','Porte',52.0,0.0,62.0,46,16,0,32.24,5);
CREATE TABLE "Supplier" (
    "code" INTEGER PRIMARY KEY NOT NULL,
    "name" VARCHAR(255) NOT NULL,
    "address" TEXT NOT NULL
);
INSERT INTO "Supplier" VALUES(1,'1','');
INSERT INTO "Supplier" VALUES(2,'2','');
CREATE TABLE "StockSupplier" (
    "code_stock" VARCHAR(255) NOT NULL,
    "code_supplier" INTEGER NOT NULL,
    "price_supplier" DOUBLE NOT NULL,
    "time_delivery" INTEGER NOT NULL,
    PRIMARY KEY ("code_stock", "code_supplier")
);
INSERT INTO "StockSupplier" VALUES('COR36BL',1,0.3,3);
INSERT INTO "StockSupplier" VALUES('COR46BL',1,0.37,12);
INSERT INTO "StockSupplier" VALUES('COR56BL',1,0.46,3);
INSERT INTO "StockSupplier" VALUES('COR72BL',1,0.54,12);
INSERT INTO "StockSupplier" VALUES('COR92BL',1,0.72,6);
INSERT INTO "StockSupplier" VALUES('COR108BL',1,0.85,7);
INSERT INTO "StockSupplier" VALUES('COR112BL',1,0.89,12);
INSERT INTO "StockSupplier" VALUES('COR138BL',1,1.08,11);
INSERT INTO "StockSupplier" VALUES('COR144BL',1,1.08,3);
INSERT INTO "StockSupplier" VALUES('COR168BL',1,1.3,5);
INSERT INTO "StockSupplier" VALUES('COR180BL',1,1.33,7);
INSERT INTO "StockSupplier" VALUES('COR184BL',1,1.36,3);
INSERT INTO "StockSupplier" VALUES('COR216BL',1,1.63,10);
INSERT INTO "StockSupplier" VALUES('COR224BL',1,1.71,7);
INSERT INTO "StockSupplier" VALUES('COR230BL',1,1.71,4);
INSERT INTO "StockSupplier" VALUES('COR252BL',1,1.81,9);
INSERT INTO "StockSupplier" VALUES('COR276BL',1,2.16,7);
INSERT INTO "StockSupplier" VALUES('COR280BL',1,2.3,10);
INSERT INTO "StockSupplier" VALUES('COR36BR',1,0.24,6);
INSERT INTO "StockSupplier" VALUES('COR46BR',1,0.29,4);
INSERT INTO "StockSupplier" VALUES('COR56BR',1,0.38,9);
INSERT INTO "StockSupplier" VALUES('COR72BR',1,0.46,12);
INSERT INTO "StockSupplier" VALUES('COR92BR',1,0.58,12);
INSERT INTO "StockSupplier" VALUES('COR108BR',1,0.69,7);
INSERT INTO "StockSupplier" VALUES('COR112BR',1,0.74,5);
INSERT INTO "StockSupplier" VALUES('COR138BR',1,0.85,12);
INSERT INTO "StockSupplier" VALUES('COR144BR',1,0.82,11);
INSERT INTO "StockSupplier" VALUES('COR168BR',1,1.08,4);
INSERT INTO "StockSupplier" VALUES('COR180BR',1,1.11,11);
INSERT INTO "StockSupplier" VALUES('COR184BR',1,1.2,5);
INSERT INTO "StockSupplier" VALUES('COR216BR',1,1.24,11);
INSERT INTO "StockSupplier" VALUES('COR224BR',1,1.46,9);
INSERT INTO "StockSupplier" VALUES('COR230BR',1,1.44,6);
INSERT INTO "StockSupplier" VALUES('COR252BR',1,1.53,10);
INSERT INTO "StockSupplier" VALUES('COR276BR',1,1.6,13);
INSERT INTO "StockSupplier" VALUES('COR280BR',1,1.84,10);
INSERT INTO "StockSupplier" VALUES('COR36GL',1,0.3,7);
INSERT INTO "StockSupplier" VALUES('COR46GL',1,0.37,10);
INSERT INTO "StockSupplier" VALUES('COR56GL',1,0.48,8);
INSERT INTO "StockSupplier" VALUES('COR72GL',1,0.58,4);
INSERT INTO "StockSupplier" VALUES('COR92GL',1,0.75,5);
INSERT INTO "StockSupplier" VALUES('COR108GL',1,0.84,6);
INSERT INTO "StockSupplier" VALUES('COR112GL',1,0.94,8);
INSERT INTO "StockSupplier" VALUES('COR138GL',1,1.02,6);
INSERT INTO "StockSupplier" VALUES('COR144GL',1,1.13,12);
INSERT INTO "StockSupplier" VALUES('COR168GL',1,1.27,11);
INSERT INTO "StockSupplier" VALUES('COR180GL',1,1.33,9);
INSERT INTO "StockSupplier" VALUES('COR184GL',1,1.46,11);
INSERT INTO "StockSupplier" VALUES('COR216GL',1,1.71,10);
INSERT INTO "StockSupplier" VALUES('COR224GL',1,1.69,4);
INSERT INTO "StockSupplier" VALUES('COR230GL',1,1.73,9);
INSERT INTO "StockSupplier" VALUES('COR252GL',1,1.84,3);
INSERT INTO "StockSupplier" VALUES('COR276GL',1,2.03,7);
INSERT INTO "StockSupplier" VALUES('COR280GL',1,2.26,13);
INSERT INTO "StockSupplier" VALUES('COR36NR',1,0.21,7);
INSERT INTO "StockSupplier" VALUES('COR46NR',1,0.26,9);
INSERT INTO "StockSupplier" VALUES('COR56NR',1,0.34,6);
INSERT INTO "StockSupplier" VALUES('COR72NR',1,0.39,13);
INSERT INTO "StockSupplier" VALUES('COR92NR',1,0.51,10);
INSERT INTO "StockSupplier" VALUES('COR108NR',1,0.55,13);
INSERT INTO "StockSupplier" VALUES('COR112NR',1,0.62,6);
INSERT INTO "StockSupplier" VALUES('COR138NR',1,0.75,11);
INSERT INTO "StockSupplier" VALUES('COR144NR',1,0.8,5);
INSERT INTO "StockSupplier" VALUES('COR168NR',1,0.99,11);
INSERT INTO "StockSupplier" VALUES('COR180NR',1,0.94,9);
INSERT INTO "StockSupplier" VALUES('COR184NR',1,1.04,6);
INSERT INTO "StockSupplier" VALUES('COR216NR',1,1.17,9);
INSERT INTO "StockSupplier" VALUES('COR224NR',1,1.25,6);
INSERT INTO "StockSupplier" VALUES('COR230NR',1,1.28,11);
INSERT INTO "StockSupplier" VALUES('COR252NR',1,1.27,9);
INSERT INTO "StockSupplier" VALUES('COR276NR',1,1.52,7);
INSERT INTO "StockSupplier" VALUES('COR280NR',1,1.49,8);
INSERT INTO "StockSupplier" VALUES('COUPEL',1,0.004,13);
INSERT INTO "StockSupplier" VALUES('COR50BLDEC',1,0.69,3);
INSERT INTO "StockSupplier" VALUES('COR50BRDEC',1,0.57,9);
INSERT INTO "StockSupplier" VALUES('COR50GLDEC',1,0.72,8);
INSERT INTO "StockSupplier" VALUES('COR50NRDEC',1,0.51,6);
INSERT INTO "StockSupplier" VALUES('COR75BLDEC',1,0.81,12);
INSERT INTO "StockSupplier" VALUES('COR75BRDEC',1,0.69,12);
INSERT INTO "StockSupplier" VALUES('COR75GLDEC',1,0.87,4);
INSERT INTO "StockSupplier" VALUES('COR75NRDEC',1,0.59,13);
INSERT INTO "StockSupplier" VALUES('COR100BLDEC',1,1.08,6);
INSERT INTO "StockSupplier" VALUES('COR100BRDEC',1,0.87,12);
INSERT INTO "StockSupplier" VALUES('COR100GLDEC',1,1.13,5);
INSERT INTO "StockSupplier" VALUES('COR100NRDEC',1,0.77,10);
INSERT INTO "StockSupplier" VALUES('COR125BLDEC',1,1.28,7);
INSERT INTO "StockSupplier" VALUES('COR125BRDEC',1,1.04,7);
INSERT INTO "StockSupplier" VALUES('COR125GLDEC',1,1.26,6);
INSERT INTO "StockSupplier" VALUES('COR125NRDEC',1,0.83,13);
INSERT INTO "StockSupplier" VALUES('COR150BLDEC',1,1.62,11);
INSERT INTO "StockSupplier" VALUES('COR150BRDEC',1,1.28,12);
INSERT INTO "StockSupplier" VALUES('COR150GLDEC',1,1.53,6);
INSERT INTO "StockSupplier" VALUES('COR150NRDEC',1,1.13,11);
INSERT INTO "StockSupplier" VALUES('COR175BLDEC',1,1.95,5);
INSERT INTO "StockSupplier" VALUES('COR175BRDEC',1,1.62,4);
INSERT INTO "StockSupplier" VALUES('COR175GLDEC',1,1.91,11);
INSERT INTO "StockSupplier" VALUES('COR175NRDEC',1,1.49,11);
INSERT INTO "StockSupplier" VALUES('COR200BLDEC',1,2.04,3);
INSERT INTO "StockSupplier" VALUES('COR200BRDEC',1,1.8,5);
INSERT INTO "StockSupplier" VALUES('COR200GLDEC',1,2.19,11);
INSERT INTO "StockSupplier" VALUES('COR200NRDEC',1,1.56,6);
INSERT INTO "StockSupplier" VALUES('COR225BLDEC',1,2.45,10);
INSERT INTO "StockSupplier" VALUES('COR225BRDEC',1,1.86,11);
INSERT INTO "StockSupplier" VALUES('COR225GLDEC',1,2.57,10);
INSERT INTO "StockSupplier" VALUES('COR225NRDEC',1,1.76,9);
INSERT INTO "StockSupplier" VALUES('COR250BLDEC',1,2.72,9);
INSERT INTO "StockSupplier" VALUES('COR250BRDEC',1,2.3,10);
INSERT INTO "StockSupplier" VALUES('COR250GLDEC',1,2.76,3);
INSERT INTO "StockSupplier" VALUES('COR250NRDEC',1,1.91,9);
INSERT INTO "StockSupplier" VALUES('COR275BLDEC',1,3.24,7);
INSERT INTO "StockSupplier" VALUES('COR275BRDEC',1,2.4,13);
INSERT INTO "StockSupplier" VALUES('COR275GLDEC',1,3.05,7);
INSERT INTO "StockSupplier" VALUES('COR275NRDEC',1,2.28,7);
INSERT INTO "StockSupplier" VALUES('COR300BLDEC',1,3.45,10);
INSERT INTO "StockSupplier" VALUES('COR300BRDEC',1,2.76,10);
INSERT INTO "StockSupplier" VALUES('COR300GLDEC',1,3.39,13);
INSERT INTO "StockSupplier" VALUES('COR300NRDEC',1,2.24,8);
INSERT INTO "StockSupplier" VALUES('COR325BLDEC',1,3.45,10);
INSERT INTO "StockSupplier" VALUES('COR325BRDEC',1,2.76,10);
INSERT INTO "StockSupplier" VALUES('COR325GLDEC',1,3.39,13);
INSERT INTO "StockSupplier" VALUES('COR325NRDEC',1,2.24,8);
INSERT INTO "StockSupplier" VALUES('COR350BLDEC',1,3.45,10);
INSERT INTO "StockSupplier" VALUES('COR350BRDEC',1,2.76,10);
INSERT INTO "StockSupplier" VALUES('COR350GLDEC',1,3.39,13);
INSERT INTO "StockSupplier" VALUES('COR350NRDEC',1,2.24,8);
INSERT INTO "StockSupplier" VALUES('COR375BLDEC',1,3.45,10);
INSERT INTO "StockSupplier" VALUES('COR375BRDEC',1,2.76,10);
INSERT INTO "StockSupplier" VALUES('COR375GLDEC',1,3.39,13);
INSERT INTO "StockSupplier" VALUES('COR375NRDEC',1,2.24,8);
INSERT INTO "StockSupplier" VALUES('PAR32100BL',1,12.92,13);
INSERT INTO "StockSupplier" VALUES('PAR32120BL',1,15.54,6);
INSERT INTO "StockSupplier" VALUES('PAR3232BL',1,4.24,10);
INSERT INTO "StockSupplier" VALUES('PAR3242BL',1,6.0,7);
INSERT INTO "StockSupplier" VALUES('PAR3252BL',1,7.36,7);
INSERT INTO "StockSupplier" VALUES('PAR3262BL',1,8.88,12);
INSERT INTO "StockSupplier" VALUES('PAR3280BL',1,10.43,10);
INSERT INTO "StockSupplier" VALUES('PAR42100BL',1,22.63,6);
INSERT INTO "StockSupplier" VALUES('PAR42120BL',1,25.98,7);
INSERT INTO "StockSupplier" VALUES('PAR4232BL',1,7.1,10);
INSERT INTO "StockSupplier" VALUES('PAR4242BL',1,9.82,4);
INSERT INTO "StockSupplier" VALUES('PAR4252BL',1,11.72,7);
INSERT INTO "StockSupplier" VALUES('PAR4262BL',1,13.69,6);
INSERT INTO "StockSupplier" VALUES('PAR4280BL',1,16.86,6);
INSERT INTO "StockSupplier" VALUES('PAR52100BL',1,21.89,9);
INSERT INTO "StockSupplier" VALUES('PAR52120BL',1,26.99,6);
INSERT INTO "StockSupplier" VALUES('PAR5232BL',1,7.32,5);
INSERT INTO "StockSupplier" VALUES('PAR5242BL',1,9.11,9);
INSERT INTO "StockSupplier" VALUES('PAR5252BL',1,10.98,9);
INSERT INTO "StockSupplier" VALUES('PAR5262BL',1,14.09,11);
INSERT INTO "StockSupplier" VALUES('PAR5280BL',1,16.91,13);
INSERT INTO "StockSupplier" VALUES('PAR32100BR',1,11.31,11);
INSERT INTO "StockSupplier" VALUES('PAR32120BR',1,13.31,5);
INSERT INTO "StockSupplier" VALUES('PAR3232BR',1,3.29,7);
INSERT INTO "StockSupplier" VALUES('PAR3242BR',1,4.46,8);
INSERT INTO "StockSupplier" VALUES('PAR3252BR',1,5.65,4);
INSERT INTO "StockSupplier" VALUES('PAR3262BR',1,6.43,7);
INSERT INTO "StockSupplier" VALUES('PAR3280BR',1,8.44,3);
INSERT INTO "StockSupplier" VALUES('PAR42100BR',1,13.61,13);
INSERT INTO "StockSupplier" VALUES('PAR42120BR',1,16.16,10);
INSERT INTO "StockSupplier" VALUES('PAR4232BR',1,4.66,13);
INSERT INTO "StockSupplier" VALUES('PAR4242BR',1,5.73,10);
INSERT INTO "StockSupplier" VALUES('PAR4252BR',1,7.24,10);
INSERT INTO "StockSupplier" VALUES('PAR4262BR',1,9.09,5);
INSERT INTO "StockSupplier" VALUES('PAR4280BR',1,11.33,4);
INSERT INTO "StockSupplier" VALUES('PAR52100BR',1,17.2,7);
INSERT INTO "StockSupplier" VALUES('PAR52120BR',1,19.98,9);
INSERT INTO "StockSupplier" VALUES('PAR5232BR',1,5.99,9);
INSERT INTO "StockSupplier" VALUES('PAR5242BR',1,7.48,5);
INSERT INTO "StockSupplier" VALUES('PAR5252BR',1,9.26,8);
INSERT INTO "StockSupplier" VALUES('PAR5262BR',1,10.67,8);
INSERT INTO "StockSupplier" VALUES('PAR5280BR',1,14.23,13);
INSERT INTO "StockSupplier" VALUES('PAG3232BL',1,4.53,13);
INSERT INTO "StockSupplier" VALUES('PAG3242BL',1,5.82,10);
INSERT INTO "StockSupplier" VALUES('PAG3252BL',1,6.9,7);
INSERT INTO "StockSupplier" VALUES('PAG3262BL',1,8.31,5);
INSERT INTO "StockSupplier" VALUES('PAG4232BL',1,5.46,11);
INSERT INTO "StockSupplier" VALUES('PAG4242BL',1,7.65,6);
INSERT INTO "StockSupplier" VALUES('PAG4252BL',1,9.16,5);
INSERT INTO "StockSupplier" VALUES('PAG4262BL',1,10.93,7);
INSERT INTO "StockSupplier" VALUES('PAG5232BL',1,6.83,9);
INSERT INTO "StockSupplier" VALUES('PAG5242BL',1,9.32,9);
INSERT INTO "StockSupplier" VALUES('PAG5252BL',1,11.51,6);
INSERT INTO "StockSupplier" VALUES('PAG5262BL',1,14.35,12);
INSERT INTO "StockSupplier" VALUES('PAG3232BR',1,3.6,9);
INSERT INTO "StockSupplier" VALUES('PAG3242BR',1,4.47,6);
INSERT INTO "StockSupplier" VALUES('PAG3252BR',1,5.49,7);
INSERT INTO "StockSupplier" VALUES('PAG3262BR',1,6.49,13);
INSERT INTO "StockSupplier" VALUES('PAG4232BR',1,4.42,9);
INSERT INTO "StockSupplier" VALUES('PAG4242BR',1,6.2,9);
INSERT INTO "StockSupplier" VALUES('PAG4252BR',1,7.05,8);
INSERT INTO "StockSupplier" VALUES('PAG4262BR',1,9.29,4);
INSERT INTO "StockSupplier" VALUES('PAG5232BR',1,5.39,5);
INSERT INTO "StockSupplier" VALUES('PAG5242BR',1,7.36,3);
INSERT INTO "StockSupplier" VALUES('PAG5252BR',1,8.81,11);
INSERT INTO "StockSupplier" VALUES('PAG5262BR',1,11.0,11);
INSERT INTO "StockSupplier" VALUES('PAH32100BL',1,12.97,6);
INSERT INTO "StockSupplier" VALUES('PAH32120BL',1,16.99,6);
INSERT INTO "StockSupplier" VALUES('PAH3232BL',1,4.31,7);
INSERT INTO "StockSupplier" VALUES('PAH3242BL',1,5.41,4);
INSERT INTO "StockSupplier" VALUES('PAH3252BL',1,6.66,11);
INSERT INTO "StockSupplier" VALUES('PAH3262BL',1,8.49,8);
INSERT INTO "StockSupplier" VALUES('PAH3280BL',1,10.73,11);
INSERT INTO "StockSupplier" VALUES('PAH42100BL',1,17.7,6);
INSERT INTO "StockSupplier" VALUES('PAH42120BL',1,22.21,13);
INSERT INTO "StockSupplier" VALUES('PAH4232BL',1,5.71,3);
INSERT INTO "StockSupplier" VALUES('PAH4242BL',1,7.33,4);
INSERT INTO "StockSupplier" VALUES('PAH4252BL',1,9.72,7);
INSERT INTO "StockSupplier" VALUES('PAH4262BL',1,10.91,11);
INSERT INTO "StockSupplier" VALUES('PAH4280BL',1,13.6,7);
INSERT INTO "StockSupplier" VALUES('PAH52100BL',1,23.33,4);
INSERT INTO "StockSupplier" VALUES('PAH52120BL',1,28.0,6);
INSERT INTO "StockSupplier" VALUES('PAH5232BL',1,7.25,5);
INSERT INTO "StockSupplier" VALUES('PAH5242BL',1,9.46,12);
INSERT INTO "StockSupplier" VALUES('PAH5252BL',1,11.25,8);
INSERT INTO "StockSupplier" VALUES('PAH5262BL',1,13.65,12);
INSERT INTO "StockSupplier" VALUES('PAH5280BL',1,17.55,7);
INSERT INTO "StockSupplier" VALUES('PAH62100BL',1,26.08,4);
INSERT INTO "StockSupplier" VALUES('PAH62120BL',1,33.13,6);
INSERT INTO "StockSupplier" VALUES('PAH6232BL',1,8.92,11);
INSERT INTO "StockSupplier" VALUES('PAH6242BL',1,11.02,6);
INSERT INTO "StockSupplier" VALUES('PAH6252BL',1,14.1,6);
INSERT INTO "StockSupplier" VALUES('PAH6262BL',1,15.86,12);
INSERT INTO "StockSupplier" VALUES('PAH6280BL',1,22.2,5);
INSERT INTO "StockSupplier" VALUES('PAH32100BR',1,11.29,10);
INSERT INTO "StockSupplier" VALUES('PAH32120BR',1,13.3,9);
INSERT INTO "StockSupplier" VALUES('PAH3232BR',1,3.34,9);
INSERT INTO "StockSupplier" VALUES('PAH3242BR',1,4.3,7);
INSERT INTO "StockSupplier" VALUES('PAH3252BR',1,5.67,11);
INSERT INTO "StockSupplier" VALUES('PAH3262BR',1,6.92,4);
INSERT INTO "StockSupplier" VALUES('PAH3280BR',1,8.6,8);
INSERT INTO "StockSupplier" VALUES('PAH42100BR',1,15.01,4);
INSERT INTO "StockSupplier" VALUES('PAH42120BR',1,17.65,8);
INSERT INTO "StockSupplier" VALUES('PAH4232BR',1,4.41,10);
INSERT INTO "StockSupplier" VALUES('PAH4242BR',1,5.92,9);
INSERT INTO "StockSupplier" VALUES('PAH4252BR',1,7.07,5);
INSERT INTO "StockSupplier" VALUES('PAH4262BR',1,9.28,6);
INSERT INTO "StockSupplier" VALUES('PAH4280BR',1,11.02,12);
INSERT INTO "StockSupplier" VALUES('PAH52100BR',1,17.94,12);
INSERT INTO "StockSupplier" VALUES('PAH52120BR',1,20.67,6);
INSERT INTO "StockSupplier" VALUES('PAH5232BR',1,5.44,8);
INSERT INTO "StockSupplier" VALUES('PAH5242BR',1,7.03,7);
INSERT INTO "StockSupplier" VALUES('PAH5252BR',1,9.67,12);
INSERT INTO "StockSupplier" VALUES('PAH5262BR',1,10.83,6);
INSERT INTO "StockSupplier" VALUES('PAH5280BR',1,14.27,7);
INSERT INTO "StockSupplier" VALUES('PAH62100BR',1,21.16,12);
INSERT INTO "StockSupplier" VALUES('PAH62120BR',1,26.55,12);
INSERT INTO "StockSupplier" VALUES('PAH6232BR',1,6.52,5);
INSERT INTO "StockSupplier" VALUES('PAH6242BR',1,9.12,11);
INSERT INTO "StockSupplier" VALUES('PAH6252BR',1,11.56,10);
INSERT INTO "StockSupplier" VALUES('PAH6262BR',1,13.41,7);
INSERT INTO "StockSupplier" VALUES('PAH6280BR',1,17.8,7);
INSERT INTO "StockSupplier" VALUES('POR3232BL',1,4.31,7);
INSERT INTO "StockSupplier" VALUES('POR3242BL',1,5.6,10);
INSERT INTO "StockSupplier" VALUES('POR3252BL',1,6.82,12);
INSERT INTO "StockSupplier" VALUES('POR3262BL',1,7.95,12);
INSERT INTO "StockSupplier" VALUES('POR4232BL',1,5.69,6);
INSERT INTO "StockSupplier" VALUES('POR4242BL',1,7.23,6);
INSERT INTO "StockSupplier" VALUES('POR4252BL',1,9.56,10);
INSERT INTO "StockSupplier" VALUES('POR4262BL',1,11.16,5);
INSERT INTO "StockSupplier" VALUES('POR5232BL',1,7.25,7);
INSERT INTO "StockSupplier" VALUES('POR5242BL',1,9.12,12);
INSERT INTO "StockSupplier" VALUES('POR5252BL',1,11.01,11);
INSERT INTO "StockSupplier" VALUES('POR5262BL',1,13.86,4);
INSERT INTO "StockSupplier" VALUES('POR3232BR',1,4.14,4);
INSERT INTO "StockSupplier" VALUES('POR3242BR',1,5.98,7);
INSERT INTO "StockSupplier" VALUES('POR3252BR',1,7.31,5);
INSERT INTO "StockSupplier" VALUES('POR3262BR',1,8.4,7);
INSERT INTO "StockSupplier" VALUES('POR4232BR',1,5.96,11);
INSERT INTO "StockSupplier" VALUES('POR4242BR',1,7.41,12);
INSERT INTO "StockSupplier" VALUES('POR4252BR',1,9.76,4);
INSERT INTO "StockSupplier" VALUES('POR4262BR',1,11.54,5);
INSERT INTO "StockSupplier" VALUES('POR5232BR',1,7.15,11);
INSERT INTO "StockSupplier" VALUES('POR5242BR',1,8.76,3);
INSERT INTO "StockSupplier" VALUES('POR5252BR',1,11.66,6);
INSERT INTO "StockSupplier" VALUES('POR5262BR',1,25.99,11);
INSERT INTO "StockSupplier" VALUES('POR3232VE',1,8.79,11);
INSERT INTO "StockSupplier" VALUES('POR3242VE',1,11.23,5);
INSERT INTO "StockSupplier" VALUES('POR3252VE',1,13.48,11);
INSERT INTO "StockSupplier" VALUES('POR3262VE',1,17.74,6);
INSERT INTO "StockSupplier" VALUES('POR4232VE',1,11.57,10);
INSERT INTO "StockSupplier" VALUES('POR4242VE',1,15.27,10);
INSERT INTO "StockSupplier" VALUES('POR4252VE',1,19.47,5);
INSERT INTO "StockSupplier" VALUES('POR4262VE',1,20.85,9);
INSERT INTO "StockSupplier" VALUES('POR5232VE',1,13.7,13);
INSERT INTO "StockSupplier" VALUES('POR5242VE',1,18.81,12);
INSERT INTO "StockSupplier" VALUES('POR5252VE',1,23.04,12);
INSERT INTO "StockSupplier" VALUES('POR5262VE',1,27.45,8);
INSERT INTO "StockSupplier" VALUES('TAS27',1,0.17,10);
INSERT INTO "StockSupplier" VALUES('TAS37',1,0.25,4);
INSERT INTO "StockSupplier" VALUES('TAS47',1,0.34,10);
INSERT INTO "StockSupplier" VALUES('TRR100',1,1.67,10);
INSERT INTO "StockSupplier" VALUES('TRR120',1,1.88,4);
INSERT INTO "StockSupplier" VALUES('TRR32',1,0.89,8);
INSERT INTO "StockSupplier" VALUES('TRR42',1,0.98,10);
INSERT INTO "StockSupplier" VALUES('TRR52',1,1.2,6);
INSERT INTO "StockSupplier" VALUES('TRR62',1,1.35,12);
INSERT INTO "StockSupplier" VALUES('TRR80',1,1.52,3);
INSERT INTO "StockSupplier" VALUES('TRF100',1,1.93,5);
INSERT INTO "StockSupplier" VALUES('TRF120',1,1.98,5);
INSERT INTO "StockSupplier" VALUES('TRF32',1,1.32,8);
INSERT INTO "StockSupplier" VALUES('TRF42',1,1.49,8);
INSERT INTO "StockSupplier" VALUES('TRF52',1,1.53,6);
INSERT INTO "StockSupplier" VALUES('TRF62',1,1.63,8);
INSERT INTO "StockSupplier" VALUES('TRF80',1,1.61,4);
INSERT INTO "StockSupplier" VALUES('TRG32',1,0.9,9);
INSERT INTO "StockSupplier" VALUES('TRG42',1,1.01,4);
INSERT INTO "StockSupplier" VALUES('TRG52',1,1.21,12);
INSERT INTO "StockSupplier" VALUES('TRG62',1,1.43,8);
INSERT INTO "StockSupplier" VALUES('COR36BL',2,0.23,9);
INSERT INTO "StockSupplier" VALUES('COR46BL',2,0.3,9);
INSERT INTO "StockSupplier" VALUES('COR56BL',2,0.35,9);
INSERT INTO "StockSupplier" VALUES('COR72BL',2,0.45,18);
INSERT INTO "StockSupplier" VALUES('COR92BL',2,0.6,18);
INSERT INTO "StockSupplier" VALUES('COR108BL',2,0.65,13);
INSERT INTO "StockSupplier" VALUES('COR112BL',2,0.74,13);
INSERT INTO "StockSupplier" VALUES('COR138BL',2,0.8,14);
INSERT INTO "StockSupplier" VALUES('COR144BL',2,0.85,14);
INSERT INTO "StockSupplier" VALUES('COR168BL',2,1.06,12);
INSERT INTO "StockSupplier" VALUES('COR180BL',2,1.02,9);
INSERT INTO "StockSupplier" VALUES('COR184BL',2,1.11,16);
INSERT INTO "StockSupplier" VALUES('COR216BL',2,1.3,14);
INSERT INTO "StockSupplier" VALUES('COR224BL',2,1.33,10);
INSERT INTO "StockSupplier" VALUES('COR230BL',2,1.42,15);
INSERT INTO "StockSupplier" VALUES('COR252BL',2,1.4,17);
INSERT INTO "StockSupplier" VALUES('COR276BL',2,1.64,14);
INSERT INTO "StockSupplier" VALUES('COR280BL',2,1.75,10);
INSERT INTO "StockSupplier" VALUES('COR36BR',2,0.18,16);
INSERT INTO "StockSupplier" VALUES('COR46BR',2,0.24,9);
INSERT INTO "StockSupplier" VALUES('COR56BR',2,0.27,13);
INSERT INTO "StockSupplier" VALUES('COR72BR',2,0.37,12);
INSERT INTO "StockSupplier" VALUES('COR92BR',2,0.43,8);
INSERT INTO "StockSupplier" VALUES('COR108BR',2,0.48,11);
INSERT INTO "StockSupplier" VALUES('COR112BR',2,0.54,11);
INSERT INTO "StockSupplier" VALUES('COR138BR',2,0.64,15);
INSERT INTO "StockSupplier" VALUES('COR144BR',2,0.68,13);
INSERT INTO "StockSupplier" VALUES('COR168BR',2,0.79,16);
INSERT INTO "StockSupplier" VALUES('COR180BR',2,0.8,9);
INSERT INTO "StockSupplier" VALUES('COR184BR',2,0.83,17);
INSERT INTO "StockSupplier" VALUES('COR216BR',2,1.05,8);
INSERT INTO "StockSupplier" VALUES('COR224BR',2,1.14,11);
INSERT INTO "StockSupplier" VALUES('COR230BR',2,1.14,13);
INSERT INTO "StockSupplier" VALUES('COR252BR',2,1.21,17);
INSERT INTO "StockSupplier" VALUES('COR276BR',2,1.28,13);
INSERT INTO "StockSupplier" VALUES('COR280BR',2,1.4,11);
INSERT INTO "StockSupplier" VALUES('COR36GL',2,0.24,14);
INSERT INTO "StockSupplier" VALUES('COR46GL',2,0.27,14);
INSERT INTO "StockSupplier" VALUES('COR56GL',2,0.37,15);
INSERT INTO "StockSupplier" VALUES('COR72GL',2,0.4,13);
INSERT INTO "StockSupplier" VALUES('COR92GL',2,0.52,12);
INSERT INTO "StockSupplier" VALUES('COR108GL',2,0.66,14);
INSERT INTO "StockSupplier" VALUES('COR112GL',2,0.68,14);
INSERT INTO "StockSupplier" VALUES('COR138GL',2,0.88,11);
INSERT INTO "StockSupplier" VALUES('COR144GL',2,0.84,9);
INSERT INTO "StockSupplier" VALUES('COR168GL',2,1.05,15);
INSERT INTO "StockSupplier" VALUES('COR180GL',2,1.05,9);
INSERT INTO "StockSupplier" VALUES('COR184GL',2,1.11,17);
INSERT INTO "StockSupplier" VALUES('COR216GL',2,1.21,13);
INSERT INTO "StockSupplier" VALUES('COR224GL',2,1.38,16);
INSERT INTO "StockSupplier" VALUES('COR230GL',2,1.39,15);
INSERT INTO "StockSupplier" VALUES('COR252GL',2,1.54,13);
INSERT INTO "StockSupplier" VALUES('COR276GL',2,1.53,17);
INSERT INTO "StockSupplier" VALUES('COR280GL',2,1.66,15);
INSERT INTO "StockSupplier" VALUES('COR36NR',2,0.15,17);
INSERT INTO "StockSupplier" VALUES('COR46NR',2,0.2,11);
INSERT INTO "StockSupplier" VALUES('COR56NR',2,0.27,12);
INSERT INTO "StockSupplier" VALUES('COR72NR',2,0.31,13);
INSERT INTO "StockSupplier" VALUES('COR92NR',2,0.38,14);
INSERT INTO "StockSupplier" VALUES('COR108NR',2,0.44,15);
INSERT INTO "StockSupplier" VALUES('COR112NR',2,0.45,12);
INSERT INTO "StockSupplier" VALUES('COR138NR',2,0.55,13);
INSERT INTO "StockSupplier" VALUES('COR144NR',2,0.62,11);
INSERT INTO "StockSupplier" VALUES('COR168NR',2,0.73,16);
INSERT INTO "StockSupplier" VALUES('COR180NR',2,0.7,11);
INSERT INTO "StockSupplier" VALUES('COR184NR',2,0.75,17);
INSERT INTO "StockSupplier" VALUES('COR216NR',2,0.92,13);
INSERT INTO "StockSupplier" VALUES('COR224NR',2,0.88,13);
INSERT INTO "StockSupplier" VALUES('COR230NR',2,0.96,17);
INSERT INTO "StockSupplier" VALUES('COR252NR',2,0.98,16);
INSERT INTO "StockSupplier" VALUES('COR276NR',2,1.18,12);
INSERT INTO "StockSupplier" VALUES('COR280NR',2,1.24,15);
INSERT INTO "StockSupplier" VALUES('COUPEL',2,0.0035,13);
INSERT INTO "StockSupplier" VALUES('COR50BLDEC',2,0.42,9);
INSERT INTO "StockSupplier" VALUES('COR50BRDEC',2,0.32,13);
INSERT INTO "StockSupplier" VALUES('COR50GLDEC',2,0.44,15);
INSERT INTO "StockSupplier" VALUES('COR50NRDEC',2,0.32,12);
INSERT INTO "StockSupplier" VALUES('COR75BLDEC',2,0.54,18);
INSERT INTO "StockSupplier" VALUES('COR75BRDEC',2,0.44,12);
INSERT INTO "StockSupplier" VALUES('COR75GLDEC',2,0.48,13);
INSERT INTO "StockSupplier" VALUES('COR75NRDEC',2,0.37,13);
INSERT INTO "StockSupplier" VALUES('COR100BLDEC',2,0.72,18);
INSERT INTO "StockSupplier" VALUES('COR100BRDEC',2,0.52,8);
INSERT INTO "StockSupplier" VALUES('COR100GLDEC',2,0.62,12);
INSERT INTO "StockSupplier" VALUES('COR100NRDEC',2,0.46,14);
INSERT INTO "StockSupplier" VALUES('COR125BLDEC',2,0.78,13);
INSERT INTO "StockSupplier" VALUES('COR125BRDEC',2,0.58,11);
INSERT INTO "StockSupplier" VALUES('COR125GLDEC',2,0.79,14);
INSERT INTO "StockSupplier" VALUES('COR125NRDEC',2,0.53,15);
INSERT INTO "StockSupplier" VALUES('COR150BLDEC',2,0.96,14);
INSERT INTO "StockSupplier" VALUES('COR150BRDEC',2,0.77,15);
INSERT INTO "StockSupplier" VALUES('COR150GLDEC',2,1.06,11);
INSERT INTO "StockSupplier" VALUES('COR150NRDEC',2,0.66,13);
INSERT INTO "StockSupplier" VALUES('COR175BLDEC',2,1.27,12);
INSERT INTO "StockSupplier" VALUES('COR175BRDEC',2,0.95,16);
INSERT INTO "StockSupplier" VALUES('COR175GLDEC',2,1.26,15);
INSERT INTO "StockSupplier" VALUES('COR175NRDEC',2,0.88,16);
INSERT INTO "StockSupplier" VALUES('COR200BLDEC',2,1.33,16);
INSERT INTO "StockSupplier" VALUES('COR200BRDEC',2,1.0,17);
INSERT INTO "StockSupplier" VALUES('COR200GLDEC',2,1.33,17);
INSERT INTO "StockSupplier" VALUES('COR200NRDEC',2,0.9,17);
INSERT INTO "StockSupplier" VALUES('COR225BLDEC',2,1.56,14);
INSERT INTO "StockSupplier" VALUES('COR225BRDEC',2,1.26,8);
INSERT INTO "StockSupplier" VALUES('COR225GLDEC',2,1.45,13);
INSERT INTO "StockSupplier" VALUES('COR225NRDEC',2,1.1,13);
INSERT INTO "StockSupplier" VALUES('COR250BLDEC',2,1.68,17);
INSERT INTO "StockSupplier" VALUES('COR250BRDEC',2,1.45,17);
INSERT INTO "StockSupplier" VALUES('COR250GLDEC',2,1.85,13);
INSERT INTO "StockSupplier" VALUES('COR250NRDEC',2,1.18,16);
INSERT INTO "StockSupplier" VALUES('COR275BLDEC',2,1.97,14);
INSERT INTO "StockSupplier" VALUES('COR275BRDEC',2,1.54,13);
INSERT INTO "StockSupplier" VALUES('COR275GLDEC',2,1.84,17);
INSERT INTO "StockSupplier" VALUES('COR275NRDEC',2,1.42,12);
INSERT INTO "StockSupplier" VALUES('COR300BLDEC',2,2.1,10);
INSERT INTO "StockSupplier" VALUES('COR300BRDEC',2,1.68,11);
INSERT INTO "StockSupplier" VALUES('COR300GLDEC',2,1.99,15);
INSERT INTO "StockSupplier" VALUES('COR300NRDEC',2,1.49,15);
INSERT INTO "StockSupplier" VALUES('COR325BLDEC',2,2.1,10);
INSERT INTO "StockSupplier" VALUES('COR325BRDEC',2,1.68,11);
INSERT INTO "StockSupplier" VALUES('COR325GLDEC',2,1.99,15);
INSERT INTO "StockSupplier" VALUES('COR325NRDEC',2,1.49,15);
INSERT INTO "StockSupplier" VALUES('COR350BLDEC',2,2.1,10);
INSERT INTO "StockSupplier" VALUES('COR350BRDEC',2,1.68,11);
INSERT INTO "StockSupplier" VALUES('COR350GLDEC',2,1.99,15);
INSERT INTO "StockSupplier" VALUES('COR350NRDEC',2,1.49,15);
INSERT INTO "StockSupplier" VALUES('COR375BLDEC',2,2.1,10);
INSERT INTO "StockSupplier" VALUES('COR375BRDEC',2,1.68,11);
INSERT INTO "StockSupplier" VALUES('COR375GLDEC',2,1.99,15);
INSERT INTO "StockSupplier" VALUES('COR375NRDEC',2,1.49,15);
INSERT INTO "StockSupplier" VALUES('PAR32100BL',2,9.81,14);
INSERT INTO "StockSupplier" VALUES('PAR32120BL',2,12.31,10);
INSERT INTO "StockSupplier" VALUES('PAR3232BL',2,3.34,14);
INSERT INTO "StockSupplier" VALUES('PAR3242BL',2,4.36,13);
INSERT INTO "StockSupplier" VALUES('PAR3252BL',2,5.51,14);
INSERT INTO "StockSupplier" VALUES('PAR3262BL',2,6.22,17);
INSERT INTO "StockSupplier" VALUES('PAR3280BL',2,8.17,12);
INSERT INTO "StockSupplier" VALUES('PAR42100BL',2,16.3,11);
INSERT INTO "StockSupplier" VALUES('PAR42120BL',2,21.59,16);
INSERT INTO "StockSupplier" VALUES('PAR4232BL',2,5.71,14);
INSERT INTO "StockSupplier" VALUES('PAR4242BL',2,7.03,9);
INSERT INTO "StockSupplier" VALUES('PAR4252BL',2,8.48,13);
INSERT INTO "StockSupplier" VALUES('PAR4262BL',2,10.64,17);
INSERT INTO "StockSupplier" VALUES('PAR4280BL',2,13.83,8);
INSERT INTO "StockSupplier" VALUES('PAR52100BL',2,17.85,9);
INSERT INTO "StockSupplier" VALUES('PAR52120BL',2,20.81,18);
INSERT INTO "StockSupplier" VALUES('PAR5232BL',2,5.33,17);
INSERT INTO "StockSupplier" VALUES('PAR5242BL',2,7.52,16);
INSERT INTO "StockSupplier" VALUES('PAR5252BL',2,8.45,14);
INSERT INTO "StockSupplier" VALUES('PAR5262BL',2,10.72,15);
INSERT INTO "StockSupplier" VALUES('PAR5280BL',2,13.57,18);
INSERT INTO "StockSupplier" VALUES('PAR32100BR',2,8.93,11);
INSERT INTO "StockSupplier" VALUES('PAR32120BR',2,10.09,17);
INSERT INTO "StockSupplier" VALUES('PAR3232BR',2,2.46,16);
INSERT INTO "StockSupplier" VALUES('PAR3242BR',2,3.34,13);
INSERT INTO "StockSupplier" VALUES('PAR3252BR',2,4.28,10);
INSERT INTO "StockSupplier" VALUES('PAR3262BR',2,5.51,8);
INSERT INTO "StockSupplier" VALUES('PAR3280BR',2,6.16,11);
INSERT INTO "StockSupplier" VALUES('PAR42100BR',2,10.12,15);
INSERT INTO "StockSupplier" VALUES('PAR42120BR',2,13.25,10);
INSERT INTO "StockSupplier" VALUES('PAR4232BR',2,3.53,17);
INSERT INTO "StockSupplier" VALUES('PAR4242BR',2,4.71,15);
INSERT INTO "StockSupplier" VALUES('PAR4252BR',2,5.68,11);
INSERT INTO "StockSupplier" VALUES('PAR4262BR',2,6.75,17);
INSERT INTO "StockSupplier" VALUES('PAR4280BR',2,9.41,17);
INSERT INTO "StockSupplier" VALUES('PAR52100BR',2,14.07,13);
INSERT INTO "StockSupplier" VALUES('PAR52120BR',2,16.12,10);
INSERT INTO "StockSupplier" VALUES('PAR5232BR',2,4.11,10);
INSERT INTO "StockSupplier" VALUES('PAR5242BR',2,5.64,14);
INSERT INTO "StockSupplier" VALUES('PAR5252BR',2,6.66,10);
INSERT INTO "StockSupplier" VALUES('PAR5262BR',2,8.46,15);
INSERT INTO "StockSupplier" VALUES('PAR5280BR',2,10.31,17);
INSERT INTO "StockSupplier" VALUES('PAG3232BL',2,3.43,12);
INSERT INTO "StockSupplier" VALUES('PAG3242BL',2,4.12,12);
INSERT INTO "StockSupplier" VALUES('PAG3252BL',2,5.62,10);
INSERT INTO "StockSupplier" VALUES('PAG3262BL',2,6.31,10);
INSERT INTO "StockSupplier" VALUES('PAG4232BL',2,4.3,9);
INSERT INTO "StockSupplier" VALUES('PAG4242BL',2,5.79,14);
INSERT INTO "StockSupplier" VALUES('PAG4252BL',2,7.09,10);
INSERT INTO "StockSupplier" VALUES('PAG4262BL',2,9.06,17);
INSERT INTO "StockSupplier" VALUES('PAG5232BL',2,5.71,11);
INSERT INTO "StockSupplier" VALUES('PAG5242BL',2,7.05,12);
INSERT INTO "StockSupplier" VALUES('PAG5252BL',2,9.44,9);
INSERT INTO "StockSupplier" VALUES('PAG5262BL',2,10.43,17);
INSERT INTO "StockSupplier" VALUES('PAG3232BR',2,2.52,17);
INSERT INTO "StockSupplier" VALUES('PAG3242BR',2,3.28,10);
INSERT INTO "StockSupplier" VALUES('PAG3252BR',2,4.25,11);
INSERT INTO "StockSupplier" VALUES('PAG3262BR',2,4.9,9);
INSERT INTO "StockSupplier" VALUES('PAG4232BR',2,3.58,15);
INSERT INTO "StockSupplier" VALUES('PAG4242BR',2,4.84,8);
INSERT INTO "StockSupplier" VALUES('PAG4252BR',2,5.98,14);
INSERT INTO "StockSupplier" VALUES('PAG4262BR',2,6.91,15);
INSERT INTO "StockSupplier" VALUES('PAG5232BR',2,4.62,14);
INSERT INTO "StockSupplier" VALUES('PAG5242BR',2,5.55,16);
INSERT INTO "StockSupplier" VALUES('PAG5252BR',2,7.27,9);
INSERT INTO "StockSupplier" VALUES('PAG5262BR',2,8.75,13);
INSERT INTO "StockSupplier" VALUES('PAH32100BL',2,11.07,15);
INSERT INTO "StockSupplier" VALUES('PAH32120BL',2,12.39,11);
INSERT INTO "StockSupplier" VALUES('PAH3232BL',2,3.33,14);
INSERT INTO "StockSupplier" VALUES('PAH3242BL',2,4.33,17);
INSERT INTO "StockSupplier" VALUES('PAH3252BL',2,5.31,17);
INSERT INTO "StockSupplier" VALUES('PAH3262BL',2,6.31,14);
INSERT INTO "StockSupplier" VALUES('PAH3280BL',2,8.22,13);
INSERT INTO "StockSupplier" VALUES('PAH42100BL',2,14.3,10);
INSERT INTO "StockSupplier" VALUES('PAH42120BL',2,16.22,10);
INSERT INTO "StockSupplier" VALUES('PAH4232BL',2,4.55,17);
INSERT INTO "StockSupplier" VALUES('PAH4242BL',2,5.95,18);
INSERT INTO "StockSupplier" VALUES('PAH4252BL',2,6.95,13);
INSERT INTO "StockSupplier" VALUES('PAH4262BL',2,8.55,10);
INSERT INTO "StockSupplier" VALUES('PAH4280BL',2,11.46,12);
INSERT INTO "StockSupplier" VALUES('PAH52100BL',2,18.15,15);
INSERT INTO "StockSupplier" VALUES('PAH52120BL',2,20.47,16);
INSERT INTO "StockSupplier" VALUES('PAH5232BL',2,5.06,8);
INSERT INTO "StockSupplier" VALUES('PAH5242BL',2,7.32,12);
INSERT INTO "StockSupplier" VALUES('PAH5252BL',2,8.46,14);
INSERT INTO "StockSupplier" VALUES('PAH5262BL',2,11.02,12);
INSERT INTO "StockSupplier" VALUES('PAH5280BL',2,12.67,12);
INSERT INTO "StockSupplier" VALUES('PAH62100BL',2,20.87,16);
INSERT INTO "StockSupplier" VALUES('PAH62120BL',2,25.73,17);
INSERT INTO "StockSupplier" VALUES('PAH6232BL',2,6.76,14);
INSERT INTO "StockSupplier" VALUES('PAH6242BL',2,8.38,17);
INSERT INTO "StockSupplier" VALUES('PAH6252BL',2,9.68,12);
INSERT INTO "StockSupplier" VALUES('PAH6262BL',2,12.92,14);
INSERT INTO "StockSupplier" VALUES('PAH6280BL',2,15.1,10);
INSERT INTO "StockSupplier" VALUES('PAH32100BR',2,7.77,9);
INSERT INTO "StockSupplier" VALUES('PAH32120BR',2,10.73,14);
INSERT INTO "StockSupplier" VALUES('PAH3232BR',2,2.64,14);
INSERT INTO "StockSupplier" VALUES('PAH3242BR',2,3.61,16);
INSERT INTO "StockSupplier" VALUES('PAH3252BR',2,4.51,15);
INSERT INTO "StockSupplier" VALUES('PAH3262BR',2,4.94,11);
INSERT INTO "StockSupplier" VALUES('PAH3280BR',2,6.2,17);
INSERT INTO "StockSupplier" VALUES('PAH42100BR',2,10.23,8);
INSERT INTO "StockSupplier" VALUES('PAH42120BR',2,12.4,15);
INSERT INTO "StockSupplier" VALUES('PAH4232BR',2,3.34,9);
INSERT INTO "StockSupplier" VALUES('PAH4242BR',2,4.7,11);
INSERT INTO "StockSupplier" VALUES('PAH4252BR',2,5.87,16);
INSERT INTO "StockSupplier" VALUES('PAH4262BR',2,7.11,16);
INSERT INTO "StockSupplier" VALUES('PAH4280BR',2,8.22,10);
INSERT INTO "StockSupplier" VALUES('PAH52100BR',2,14.2,14);
INSERT INTO "StockSupplier" VALUES('PAH52120BR',2,16.37,8);
INSERT INTO "StockSupplier" VALUES('PAH5232BR',2,4.12,10);
INSERT INTO "StockSupplier" VALUES('PAH5242BR',2,5.48,15);
INSERT INTO "StockSupplier" VALUES('PAH5252BR',2,6.51,14);
INSERT INTO "StockSupplier" VALUES('PAH5262BR',2,8.75,17);
INSERT INTO "StockSupplier" VALUES('PAH5280BR',2,10.38,9);
INSERT INTO "StockSupplier" VALUES('PAH62100BR',2,15.11,17);
INSERT INTO "StockSupplier" VALUES('PAH62120BR',2,18.22,9);
INSERT INTO "StockSupplier" VALUES('PAH6232BR',2,5.12,17);
INSERT INTO "StockSupplier" VALUES('PAH6242BR',2,6.39,16);
INSERT INTO "StockSupplier" VALUES('PAH6252BR',2,8.04,10);
INSERT INTO "StockSupplier" VALUES('PAH6262BR',2,10.41,12);
INSERT INTO "StockSupplier" VALUES('PAH6280BR',2,12.21,18);
INSERT INTO "StockSupplier" VALUES('POR3232BL',2,3.14,8);
INSERT INTO "StockSupplier" VALUES('POR3242BL',2,4.35,14);
INSERT INTO "StockSupplier" VALUES('POR3252BL',2,5.53,13);
INSERT INTO "StockSupplier" VALUES('POR3262BL',2,6.88,14);
INSERT INTO "StockSupplier" VALUES('POR4232BL',2,4.2,17);
INSERT INTO "StockSupplier" VALUES('POR4242BL',2,5.84,13);
INSERT INTO "StockSupplier" VALUES('POR4252BL',2,6.67,10);
INSERT INTO "StockSupplier" VALUES('POR4262BL',2,8.23,11);
INSERT INTO "StockSupplier" VALUES('POR5232BL',2,5.23,16);
INSERT INTO "StockSupplier" VALUES('POR5242BL',2,6.96,14);
INSERT INTO "StockSupplier" VALUES('POR5252BL',2,8.29,10);
INSERT INTO "StockSupplier" VALUES('POR5262BL',2,10.95,13);
INSERT INTO "StockSupplier" VALUES('POR3232BR',2,3.45,8);
INSERT INTO "StockSupplier" VALUES('POR3242BR',2,4.68,13);
INSERT INTO "StockSupplier" VALUES('POR3252BR',2,5.4,14);
INSERT INTO "StockSupplier" VALUES('POR3262BR',2,5.97,17);
INSERT INTO "StockSupplier" VALUES('POR4232BR',2,4.43,11);
INSERT INTO "StockSupplier" VALUES('POR4242BR',2,5.75,15);
INSERT INTO "StockSupplier" VALUES('POR4252BR',2,7.15,12);
INSERT INTO "StockSupplier" VALUES('POR4262BR',2,7.83,17);
INSERT INTO "StockSupplier" VALUES('POR5232BR',2,5.24,13);
INSERT INTO "StockSupplier" VALUES('POR5242BR',2,6.97,10);
INSERT INTO "StockSupplier" VALUES('POR5252BR',2,8.43,12);
INSERT INTO "StockSupplier" VALUES('POR5262BR',2,21.36,10);
INSERT INTO "StockSupplier" VALUES('POR3232VE',2,6.3,16);
INSERT INTO "StockSupplier" VALUES('POR3242VE',2,9.0,14);
INSERT INTO "StockSupplier" VALUES('POR3252VE',2,11.53,15);
INSERT INTO "StockSupplier" VALUES('POR3262VE',2,13.05,10);
INSERT INTO "StockSupplier" VALUES('POR4232VE',2,8.72,18);
INSERT INTO "StockSupplier" VALUES('POR4242VE',2,10.7,15);
INSERT INTO "StockSupplier" VALUES('POR4252VE',2,14.89,15);
INSERT INTO "StockSupplier" VALUES('POR4262VE',2,18.22,15);
INSERT INTO "StockSupplier" VALUES('POR5232VE',2,11.12,9);
INSERT INTO "StockSupplier" VALUES('POR5242VE',2,14.55,15);
INSERT INTO "StockSupplier" VALUES('POR5252VE',2,17.02,11);
INSERT INTO "StockSupplier" VALUES('POR5262VE',2,20.61,17);
INSERT INTO "StockSupplier" VALUES('TAS27',2,0.13,14);
INSERT INTO "StockSupplier" VALUES('TAS37',2,0.19,8);
INSERT INTO "StockSupplier" VALUES('TAS47',2,0.24,10);
INSERT INTO "StockSupplier" VALUES('TRR100',2,1.26,10);
INSERT INTO "StockSupplier" VALUES('TRR120',2,1.38,10);
INSERT INTO "StockSupplier" VALUES('TRR32',2,0.69,10);
INSERT INTO "StockSupplier" VALUES('TRR42',2,0.75,10);
INSERT INTO "StockSupplier" VALUES('TRR52',2,0.94,10);
INSERT INTO "StockSupplier" VALUES('TRR62',2,1.11,10);
INSERT INTO "StockSupplier" VALUES('TRR80',2,1.16,11);
INSERT INTO "StockSupplier" VALUES('TRF100',2,1.48,12);
INSERT INTO "StockSupplier" VALUES('TRF120',2,1.63,8);
INSERT INTO "StockSupplier" VALUES('TRF32',2,1.05,16);
INSERT INTO "StockSupplier" VALUES('TRF42',2,1.17,14);
INSERT INTO "StockSupplier" VALUES('TRF52',2,1.2,9);
INSERT INTO "StockSupplier" VALUES('TRF62',2,1.28,16);
INSERT INTO "StockSupplier" VALUES('TRF80',2,1.21,12);
INSERT INTO "StockSupplier" VALUES('TRG32',2,0.63,11);
INSERT INTO "StockSupplier" VALUES('TRG42',2,0.76,17);
INSERT INTO "StockSupplier" VALUES('TRG52',2,0.85,14);
INSERT INTO "StockSupplier" VALUES('TRG62',2,0.98,12);
CREATE TABLE "Status" (
    "code" INTEGER PRIMARY KEY NOT NULL,
    "name" TEXT NOT NULL
);
CREATE TABLE "Order" (
    "code" INTEGER PRIMARY KEY NOT NULL,
    "name_client" VARCHAR(255) NOT NULL,
    "address_client" VARCHAR(255) NOT NULL,
    "mail_client" VARCHAR(255) NOT NULL,
    "code_status" INTEGER NOT NULL,
    "date" DATETIME NOT NULL,
    "date_removal" DATETIME NOT NULL
);
CREATE TABLE "StockOrder" (
    "code_order" INTEGER NOT NULL,
    "code_stock" VARCHAR(255) NOT NULL,
    "quantity" INTEGER NOT NULL, 
    "quantity_delivered" INTEGER NOT NULL,
    "price" DOUBLE NOT NULL,
    PRIMARY KEY ("code_stock", "code_order")
);
CREATE TABLE "OrderSupplier" (
    "code" INTEGER PRIMARY KEY NOT NULL,
    "code_supplier" INTEGER NOT NULL, 
    "date" DATETIME NOT NULL,
    "code_status" INTEGER NOT NULL
);
CREATE TABLE "StockOrderSupplier" (
    "code_stock" VARCHAR(255) NOT NULL,
    "code_order_supplier" INTEGER NOT NULL,
    "quantity" INTEGER NOT NULL, 
    "price_supplier" DOUBLE NOT NULL,
    PRIMARY KEY ("code_stock", "code_order_supplier")
);
COMMIT;
